,θ,iC,vS,vC0,i1,i2,vD,vO
0,314.18947588550674,7.584302706178695,3.4598611504787797,11.984874808532949,3.362534148584454,0.3116807927552203,-8.945308723450133,6.208058995409067
1,314.2208948330953,7.585254574025795,-1.616697581373365,12.151762437903535,2.7134585571673653,-0.22989153959024972,-8.896144147733423,6.206825059572536
2,314.25231378068383,7.58724089011304,-0.05475749964448697,12.277305473119009,1.7918859373780092,-1.0148244580723633,-9.179059341288657,6.2048939114702195
3,314.2837327282724,7.589058391213944,0.6366753524927654,12.352358799308496,0.9475608940407285,-1.7223208049919374,-9.870094267479006,6.202105919493195
4,314.315151675861,7.590561067547368,-0.005997580120987769,12.382678482006511,0.25245393853523207,-2.281312145959645,-10.914373394354463,6.198576566670119
5,314.3465706234495,7.592007247873648,-0.14674523770705972,12.377952305155839,-0.33489317229969445,-2.7240915939852486,-12.220254204126617,6.194498540609693
6,314.3779895710381,7.593512988082487,0.06486894895278517,12.345473947095114,-0.8266396530494496,-3.0581537859060046,-13.714325011578214,6.190026159291497
7,314.4094085186266,7.595060915229142,0.09275776323157686,12.290513452057546,-1.2059476615927536,-3.266086682970444,-15.339069515178663,6.185280298295824
8,314.4408274662152,7.596618933204468,0.032876961515435996,12.21861014276881,-1.4567922166735374,-3.3321059817165564,-17.033817805046077,6.180388430944515
9,314.4722464138037,7.598171473098924,0.03268102606596906,12.13648992308444,-1.572448630663975,-3.2497322278713754,-18.727325840984513,6.175500220857984
10,314.5036653613923,7.599716075406464,0.05066240912266305,12.051520197946084,-1.5555198808397426,-3.0219958346784046,-20.342914638405833,6.170776719307749
11,314.5350843089808,7.6012577515371875,0.048553383440863004,11.970793569662302,-1.416847406202882,-2.6605416170429685,-21.80689153788636,6.166372670098533
12,314.5665032565694,7.602801140242123,0.04234929017118575,11.900530531834733,-1.1729907157516806,-2.183281075540102,-23.054277472093307,6.162424480289392
13,314.5979222041579,7.60434677001807,0.04170234303507331,11.84584387124186,-0.8442670227175672,-1.612445701304921,-24.031377054743132,6.159044827230918
14,314.6293411517465,7.605893298819143,0.041171308818369,11.810639257373992,-0.4542158179429837,-0.9738923895241725,-24.697067825476616,6.1563199570913785
15,314.660760099335,7.6074400717216095,0.03866477565582177,11.797503397505677,-0.02913154691649733,-0.29646672007024977,-25.024072842586286,6.154307018056466
16,314.69217904692357,7.608987248557807,0.036151087758695744,11.807583096495868,0.4030874364348507,0.3892577003874428,-25.000194823688993,6.153031474295058
17,314.72359799451215,7.610535065980523,0.034233559016244176,11.840516253658063,0.8143892804083087,1.05252359120407,-24.628989727472046,6.152485697821522
18,314.75501694210067,7.612083556572765,0.03247141272362974,11.894449094051438,1.177930799437152,1.663862035519923,-23.929580277452942,6.152629367251938
19,314.78643588968924,7.61363261593074,0.030911507502359954,11.966136249635117,1.469300307187841,2.1964310556226336,-22.93563561983462,6.153391617967962
20,314.81785483727776,7.61518208644968,0.02983570599139989,12.051106749973503,1.6676121905697368,2.6272160307269674,-21.69366830620515,6.154674625636324
21,314.84927378486634,7.616731794647822,0.029334697818640718,12.143881923231564,1.7564355470344437,2.9380475169288074,-20.260783083068695,6.156358340278607
22,314.88069273245486,7.618281562303478,0.02941749637512441,12.238235354533181,1.7245148540573705,3.116391487173187,-18.70198175407611,6.158306151673987
23,314.91211168004344,7.619831203321797,0.030119805243211468,12.327484927957808,1.5662525229344197,3.1558795536602453,-17.08713225486703,6.160371258794287
24,314.94353062763196,7.6213805223154,0.031458923501190124,12.404804455333483,1.2819297870152493,3.0565541185898226,-15.487733518926007,6.162403466772456
25,314.97494957522053,7.622929323227898,0.03340597578616122,12.463540339519898,0.8776545299343059,2.824816253892644,-13.973626638688506,6.164256095202089
26,315.00636852280905,7.62447742205057,0.03590277214680618,12.497518255416278,0.3650410453946647,2.473081259246629,-12.609807296503623,6.16579267224425
27,315.03778747039763,7.626024656897736,0.03887102730983679,12.501325641937267,-0.23936004310552503,2.019161253410268,-11.453486759766813,6.166893105223544
28,315.06920641798615,7.627570894927447,0.0422110435558572,12.470557271693828,-0.9148533327411041,1.4854055459683695,-10.55153404680648,6.16745904931371
29,315.10062536557473,7.629116037716985,0.04580507624840578,12.402013019285699,-1.6375739284676332,0.8976398817003381,-9.938412772789189,6.167418236083492
30,315.1320443131633,7.630660025469204,0.049524435651253675,12.293839175676023,-2.3816004457457463,0.28395465794620456,-9.63470299920268,6.166727572421102
31,315.1634632607518,7.632202839634983,0.053235675086390204,12.145607264261848,-3.1201536229161038,-0.3266011520592477,-9.646271282942825,6.165374877372155
32,315.1948822083404,7.633744503650168,0.056806232538839097,11.958327216410993,-3.826824920138951,-0.9053597562896043,-9.964122008614563,6.163379187699839
33,315.2263011559289,7.635285081713006,0.060110452776595255,11.734394807420594,-4.47677854304931,-1.4253462920292943,-10.56493152347484,6.160789629285639
34,315.2577201035175,7.636824675671481,0.06303540755570283,11.47747627679054,-5.047871988522609,-1.8625026378384066,-11.412235207547191,6.157682917411704
35,315.289139051106,7.63836342020424,0.0654859362122469,11.192335914969041,-5.521644387296554,-2.19676787472631,-12.458207895115507,6.154159611365616
36,315.3205579986946,7.639901476552774,0.06738880055904091,10.88461496576761,-5.884128384805829,-2.412966997269952,-13.645951344844702,6.150339304899078
37,315.3519769462831,7.641439025103989,0.0686958494575709,10.560572357894166,-6.126449736585489,-2.501468644842292,-14.912179904008573,6.1463549813983285
38,315.3833958938717,7.642976257162919,0.069386013568628,10.226799445632198,-6.245188804674012,-2.4585835172663226,-16.19017811778045,6.142346799108358
39,315.4148148414602,7.644513366295125,0.0694660293754657,9.889922034500103,-6.2424892591946435,-2.286687249211626,-17.41289255828766,6.138455595799247
40,315.4462337890488,7.646050539640187,0.06896988339108025,9.556303446278061,-6.125910994157668,-1.994064277184846,-18.516015075728806,6.134816412853946
41,315.47765273663737,7.647587949596078,0.06795701613693844,9.23176222180302,-5.908036015976742,-1.5944820507862003,-19.44091618945673,6.131552335508652
42,315.5090716842259,7.649125746252814,0.06650937351976013,8.921317281672593,-5.6058473185224775,-1.106517228064654,-20.137295318406743,6.128768929149265
43,315.54049063181446,7.65066405091598,0.06472744913963577,8.62897200517089,-5.239911007852672,-0.5526666942542587,-20.56542857976174,6.1265495220405555
44,315.571909579403,7.652202951008102,0.06272550828480838,8.357546813279926,-4.833400721078712,0.041714150966396524,-20.697914271229582,6.1249515440930535
45,315.60332852699156,7.653742496570517,0.06062621908432188,8.108567542523831,-4.411010306178922,0.6495958080422661,-20.520839965051067,6.124004081213287
46,315.6347474745801,7.655282698513301,0.0585549412142205,7.882214281322796,-3.9978054902832563,1.2435265328698306,-20.034322254605218,6.123706747803448
47,315.66616642216866,7.6568235286795865,0.05663393670466688,7.677332531869964,-3.61806766177068,1.7968937148189355,-19.25239933843159,6.124029918743272
48,315.6975853697572,7.658364921706877,0.054976768982064106,7.491505688569191,-3.294182835078587,2.285136878386268,-18.202286449620434,6.124916299540261
49,315.72900431734575,7.659906778585667,0.05368314542505559,7.321185020945526,-3.0456263783153137,2.6868570825066005,-16.923033268293874,6.126283752157649
50,315.7604232649343,7.661448971738658,0.0528344363580603,7.161870742624607,-2.8880892958250004,2.984772675296952,-15.463649561379567,6.128029237115486
51,315.79184221252285,7.662991351375538,0.05249007060372339,7.00833545640285,-2.8327850083547528,3.1664787990329613,-13.880789150359487,6.130033682384522
52,315.8232611601114,7.664533752821787,0.05268496595797317,6.854879391172043,-2.885966992629002,3.2249773718026495,-12.236101846094279,6.132167548596922
53,315.85468010769995,7.666076004477603,0.05342810425036655,6.6956054721572595,-3.0486777369285205,3.158955055864192,-10.593377348458983,6.134296829990222
54,315.8860990552885,7.667617936036942,0.05470230731987065,6.524701450645344,-3.3167387041960668,2.972798452487266,-9.01561366988842,6.136289212575845
55,315.91751800287705,7.669159386587592,0.05646521474311231,6.336716096099611,-3.6809798695060394,2.676347893821326,-7.56214505914564,6.138020106006813
56,315.9489369504656,7.670700212221658,0.05865140905324451,6.126816827854685,-4.12769642725156,2.2844031748525344,-6.2859606122117695,6.139378273639626
57,315.98035589805414,7.672240292811189,0.061175582009300164,5.891017113604278,-4.63930994687214,1.8160058351809512,-5.231334983685004,6.140270805872169
58,316.0117748456427,7.673779537644632,0.06393658858864266,5.626363439554966,-5.195202062150433,1.2935326502330562,-4.431877349579823,6.140627213950549
59,316.04319379323124,7.675317889674467,0.06682219588549482,5.3310735905311555,-5.772681120681034,0.741643373482846,-3.9090847637771127,6.1404024635102274
60,316.0746127408198,7.67685532819196,0.06971430375834926,5.0046202752634725,-6.348036436061006,0.18613211415896203,-3.671462250165236,6.139578817143544
61,316.10603168840834,7.678391869818529,0.07249439419760348,4.647756684418431,-6.897631126081981,-0.34726423596916645,-3.714245501610618,6.138166410911005
62,316.1374506359969,7.679927567781275,0.07504895781067937,4.262483257618047,-7.398983136753737,-0.8340455643107394,-4.0197341497975385,6.136202548343286
63,316.16886958358543,7.681462509519096,0.07727464884926323,3.851957636425954,-7.831784989879021,-1.2520621082261447,-4.558215517302541,6.133749754403677
64,316.200288531174,7.682996812742023,0.07908293460209961,3.420352369139272,-8.178815989875188,-1.5825115051732508,-5.2894318521629575,6.130892688392952
65,316.23170747876253,7.684530620136327,0.0804040299975069,2.9726672924236612,-8.426705919220334,-1.8107745315824324,-6.164519500349121,6.127734066308931
66,316.2631264263511,7.686064092968495,0.08118994267189714,2.5145055380179677,-8.566516382131827,-1.9270524870140882,-7.128327399535706,6.124389787398065
67,316.2945453739397,7.687597403889683,0.08141649591266654,2.051823709810155,-8.594114581551434,-1.9267785645706366,-8.122005617062586,6.120983494586362
68,316.3259643215282,7.689130729276544,0.08108424478265364,1.5906678776858634,-8.510324028041914,-1.8107861270916676,-9.085743135035699,6.117640822622681
69,316.3573832691168,7.690664241462895,0.0802182521379455,1.1369075930991972,-8.320847026946035,-1.5852280870181088,-9.9615281938104,6.114483600086876
70,316.3888022167053,7.6921981012189535,0.07886674377707184,0.6959801259747106,-8.035964292767925,-1.2612530434388378,-10.695804467442759,6.111624271436787
71,316.4202211642939,7.693732450820676,0.07709871319081374,0.27265655800019206,-7.670027214526671,-0.8544549361846624,-11.24190211676915,6.1091607930873835
72,316.4516401118824,7.695267408022007,0.07500059397960253,-0.12915972610945436,-7.240767678946256,-0.384123227516617,-11.56213403727808,6.107172233786847
73,316.483059059471,7.69680306119899,0.0726721598163845,-0.5065931759181566,-6.768458525867897,0.12767044621611234,-11.629463829902843,6.105715275456552
74,316.5144780070595,7.698339465878883,0.070221845985688,-0.8579078348289184,-6.274964297344435,0.6571059966805011,-11.428672391289185,6.10482176783966
75,316.5458969546481,7.699876642802158,0.06776171151904527,-1.1825659884317319,-5.782726658966291,1.179720644389406,-10.956973579542254,6.104497440787799
76,316.5773159022366,7.701414577593981,0.06540227569939305,-1.4812314401296427,-5.313731517541423,1.6715354609743396,-10.224055056813114,6.104721824129794
77,316.60873484982517,7.70295322204723,0.06324746662684123,-1.7557177087125133,-4.888505328322427,2.1101508861099316,-9.251546949298323,6.105449369315215
78,316.6401537974137,7.704492496945358,0.06138991253077054,-2.008883965105482,-4.525186373158936,2.4757612420538395,-8.07194717464707,6.106611711979001
79,316.67157274500227,7.706032296283228,0.05990678898578761,-2.244483899079671,-4.23871299388051,2.7520423751904612,-6.7270569674938585,6.108120962749536
80,316.70299169259084,7.707572492681253,0.05885640802787215,-2.4669748236388687,-4.040165073352877,2.92687273090547,-5.2660021664636245,6.109873867371723
81,316.73441064017936,7.709112943734931,0.05827569969300423,-2.6812960900616263,-3.936287745830481,2.992856116119959,-3.742934221333565,6.11175663861519
82,316.76582958776794,7.710653499001094,0.0581786944052597,-2.892627222025731,-3.92921773632989,2.947623744592685,-2.214518822407294,6.113650233195141
83,316.79724853535646,7.712194007295338,0.058556067906630975,-3.1061370250322273,-4.016423279183469,2.793903454498712,-0.7373289413835359,6.115435828316586
84,316.82866748294504,7.713734323963395,0.05937576122559282,-3.3267352524502214,-4.190858688715488,2.539354756393007,0.6347374635572307,6.117000245231438
85,316.86008643053356,7.715274355235468,0.06033636466803463,-3.55717024870846,-4.376805982934416,2.2679097796328413,0.03723991582307064,6.118278155664236
86,316.89150537812213,7.716814096673093,0.06113284584443111,-3.7971221015973415,-4.527337544717849,2.0315414186803977,-0.010921958539014644,6.119272217309345
87,316.92292432571065,7.718353590051447,0.061833467965109384,-4.045264265946237,-4.670432317123302,1.799025042458728,0.8629439792281441,6.120007282925776
88,316.95434327329923,7.719892877514992,0.062450173637116774,-4.300170360609591,-4.78636825068323,1.5921674394566936,0.040059002814365,6.120510286360915
89,316.98576222088775,7.7214320027714205,0.06288658489771395,-4.560192751917357,-4.864134214466692,1.4231306905135823,-0.01646199692906881,6.120812977989707
90,317.0171811684763,7.722971001087362,0.06324370778380103,-4.82427869787624,-4.937279609358324,1.2545785310148398,0.7731160020389936,6.120933814246875
91,317.04860011606485,7.724509899503024,0.06351950035216719,-5.091497997325551,-4.985387184407908,1.1091522055750795,0.03390794580823695,6.120888471169311
92,317.0800190636534,7.726048736913421,0.06361552015994638,-5.360364809238511,-4.995595996359809,1.00112626600658,-0.016267244262434737,6.12070493533254
93,317.111438011242,7.727587553957408,0.0636141708094445,-5.629613406643176,-4.995897374470385,0.8994029368761964,0.6380962402943807,6.1204062882473
94,317.1428569588305,7.729126384517829,0.06352346656018326,-5.898094546895418,-4.97121877208059,0.8207531904435573,0.02746426375912672,6.12001303284154
95,317.1742759064191,7.730665268004538,0.0632689647142837,-6.164341871640947,-4.91215497956792,0.7756797837028286,-0.013730384695883002,6.119552755176639
96,317.2056948540076,7.732204242137696,0.06292026819146443,-6.427169894329653,-4.842176990616513,0.7381742876573842,0.526123628359254,6.119046860345259
97,317.2371138015962,7.73374333834453,0.06248436348462655,-6.685511958666708,-4.748966692883586,0.7220118899225528,0.022868044555777928,6.11851419471404
98,317.2685327491847,7.73528259288746,0.061901023928777735,-6.938031604939827,-4.624980428267926,0.7356883350400725,-0.01084427300304458,6.117979704792579
99,317.2999516967733,7.736822039871868,0.06123440229514393,-7.183658829793561,-4.4912130434860345,0.7560058365751784,0.4707058411507284,6.117462541794515
100,317.3313706443618,7.738331253032927,0.2624269938850426,-7.421230083310013,-4.328585150910327,0.802622859697587,0.021270970311890916,6.116983208304346
101,317.3627895919504,7.739754747612015,0.6458296742794339,-7.648781049304317,-4.116062947859409,0.8960171006078304,-0.008483151473972316,6.116577779871225
102,317.3942085395389,7.741048484557767,1.0877090218317158,-7.863972596029024,-3.8645263831911043,1.0218847658112735,0.5071710898750897,6.116287861035459
103,317.4256274871275,7.742200439298988,1.5077708124876246,-8.06412956922473,-3.558643480207036,1.1968747077786075,0.024641200232545596,6.116160810518357
104,317.457046434716,7.743221021469774,1.8931533911412892,-8.246266645631916,-3.194552266012655,1.4261927790104223,-0.0067677184400052395,6.116250960602711
105,317.4884653823046,7.744123795856224,2.2585126022800943,-8.408106246584238,-2.8056482274845034,1.673857967690892,0.6891485496654242,6.116598122681873
106,317.51988432989316,7.744915919749035,2.613703040306597,-8.547732363394575,-2.3760518457904505,1.9583155369828653,0.03523522111680459,6.117235346769345
107,317.5513032774817,7.745599847217948,2.957794725794524,-8.662923799198214,-1.8967663916802215,2.290142354865573,-0.007332189600547508,6.1182033145947115
108,317.58272222507026,7.746178067232107,3.2864686837814068,-8.752211576240878,-1.411737062219476,2.6211114057426856,1.0222345593523188,6.1195265644671135
109,317.6141411726588,7.746655206509159,3.5968811612884055,-8.814341680717382,-0.894692811548944,2.981153895372501,0.052696002526187696,6.121225476523571
110,317.64556012024735,7.747037463864243,3.8877861761676877,-8.847477719917515,-0.3320034862343696,3.386278937290485,-0.010874684705359593,6.123334189647665
111,317.6769790678359,7.747331359023971,4.159302897453443,-8.85088036689207,0.21233750470755486,3.7662686736340047,1.485411513052726,6.1258634190027585
112,317.70839801542445,7.747543135269564,4.411502396841158,-8.82414168631745,0.7772646521529717,4.165261111417722,0.07573157938325183,6.1288174972292975
113,317.73981696301297,7.747678931515706,4.6435346687284556,-8.76596295600988,1.3842580567843572,4.608023358171567,-0.017372379181166953,6.13222151951157
114,317.77123591060155,7.747744981613003,4.855342046072274,-8.676430721990192,1.9464597585140886,4.998938283212004,2.0400434186941037,6.136070752898104
115,317.80265485819007,7.7477475918162755,5.047163431952604,-8.556007196186663,2.5180917551099524,5.399140271841292,0.10235182673815177,6.140353070527206
116,317.83407380577864,7.7476931522086945,5.21847424947949,-8.403877603399504,3.1299199542929146,5.843729047763948,-0.02633746009386634,6.145085691584555
117,317.86549275336716,7.747588015977755,5.369856386660289,-8.22091425882368,3.6701150126076727,6.209332625596836,2.6381787758565567,6.150249312370009
118,317.89691170095574,7.74743833836025,5.502165880847248,-8.00842978976216,4.209112926819073,6.575062601229014,0.13024887094182902,6.155815787973951
119,317.9283306485443,7.747250158205563,5.615160795731109,-7.766053789494267,4.7878230354809945,6.987234895012111,-0.036992727178015154,6.161795299300447
120,317.95974959613284,7.747029352201392,5.709859543656374,-7.495370074280322,5.269733627143769,7.294976218147141,3.228661414350498,6.168155496952875
121,317.9911685437214,7.746781482349624,5.787603275446741,-7.198458490044221,5.74109933776439,7.594878473208945,0.15704919435482684,6.174853859917394
122,318.02258749130993,7.746511891571204,5.8483914842413665,-6.875319118892678,6.252900430020741,7.944342295694026,-0.0484085490353546,6.181894902314068
123,318.0540064388985,7.746225653854255,5.893626931205701,-6.528123094911091,6.646238780117331,8.167496868026353,3.762108154293513,6.189235667742256
124,318.08542538648703,7.74592740738102,5.925063759436351,-6.159585751521364,7.02146062338429,8.37645021749859,0.18052796629464504,6.196821818422088
125,318.1168443340756,7.745621475479387,5.942884084589565,-5.769989586606297,7.438714855103941,8.638641543034703,-0.05961116657439672,6.204653743561476
126,318.14826328166413,7.745311832734529,5.948768294239148,-5.361935904487213,7.720860822556874,8.75776804196902,4.194860153178114,6.212680911158122
127,318.1796822292527,7.745001934405283,5.944771331829168,-4.9386054116666624,7.979466595440454,8.85823146809575,0.1987764655348067,6.2208404455369015
128,318.2111011768412,7.74469485604715,5.931194796816039,-4.500464815108355,8.282198797499152,9.015644419670979,-0.06967121197084465,6.229130256342076
129,318.2425201244298,7.744393274106995,5.909881924718948,-4.0503667204699765,8.439293544906182,9.019490449784728,4.491995322710701,6.237495643339113
130,318.2739390720183,7.744099296635392,5.8830629339204705,-3.591762578439557,8.569773273898178,9.002258875701068,0.21032711970326498,6.245868925358228
131,318.3053580196069,7.743814617042188,5.851093812743713,-3.125202915941197,8.746572402975632,9.04521843369448,-0.0777748887857694,6.254247149934483
132,318.3367769671955,7.743540510675659,5.815859465364449,-2.653604558312827,8.773953501765853,8.931016074680487,4.629399158495903,6.262574976619413
133,318.368195914784,7.7432776728893895,5.779632824505264,-2.180484844369768,8.774027064272033,8.795371295182322,0.21423507299166983,6.270783831377037
134,318.3996148623726,7.7430263805446895,5.742762220854104,-1.7063822844387857,8.822326938793026,8.722240809734263,-0.083278221948545,6.2788713839946295
135,318.4310338099611,7.742786504159423,5.707056279745583,-1.2340955534625906,8.724324174150247,8.495417427487808,4.594894042037108,6.286785060364152
136,318.46245275754967,7.74255735879605,5.674700761365897,-0.767007059055591,8.600576141422044,8.24870180283852,0.21011651090196493,6.294459214743394
137,318.4938717051382,7.742337866516282,5.645981202778145,-0.3055581895269686,8.526330194081947,8.06554216762428,-0.08574403047194362,6.301893397996544
138,318.52529065272677,7.742126582811946,5.6225227238748365,0.14773626164737058,8.315471906796017,7.738899302817383,4.388451384173352,6.309040866366589
139,318.5567096003153,7.741921565060473,5.606305136610393,0.5898124356580791,8.082415036863587,7.395574798409027,0.19814531445376551,6.315842382297179
140,318.58812854790386,7.741720529015147,5.59750625876558,1.0203953934249872,7.899221848437575,7.115309873958859,-0.08496142453215114,6.322300340176611
141,318.6195474954924,7.741520887317317,5.597477787798304,1.4373931941907965,7.5949391496921805,6.707756232538505,4.02155029744749,6.328376362792188
142,318.65096644308096,7.741319639234755,5.607893234043541,1.8382156610869793,7.273601928387073,6.288041416464118,0.17901157730121225,6.334020546317257
143,318.6823853906695,7.74111351465992,5.628790375909757,2.222804149682863,7.00137088080096,5.929213313924831,-0.08094823375552676,6.3392387478478405
144,318.71380433825806,7.74089902182111,5.661179898295812,2.5895940188710806,6.6283147956303825,5.464161909753773,3.515788130143138,6.344002825512556
145,318.74522328584663,7.74067236080157,5.706352736667161,2.9365866735530095,6.244474353845939,4.992361968628936,0.15384742944238872,6.348274416279816
146,318.77664223343515,7.740429549315434,5.764188336147887,3.2639679408069986,5.907746317614956,4.577582362036906,-0.0739375685439901,6.352063094724894
147,318.80806118102373,7.7401664762777305,5.8353143590729335,3.5707653776332666,5.493852015058954,4.081137796933306,2.900885643629851,6.355352068533855
148,318.83948012861225,7.739878840282893,5.920590711118042,3.8556468599451033,5.076050304190496,3.58379633789383,0.12412724610507338,6.358115897006237
149,318.8708990762008,7.739562252567287,6.0197346386811565,4.11904857852262,4.702104670592355,3.138014123542909,-0.06435052745867972,6.360367766971344
150,318.90231802378935,7.739212292889716,6.132975716020211,4.360613532156883,4.276546061129366,2.6370826904792963,2.212258272180099,6.362102563314861
151,318.9337369713779,7.738824472821098,6.260723857765866,4.579705357930375,3.854033704707638,2.141088566881919,0.09155049450985386,6.363308277612571
152,318.96515591896645,7.738394312686774,6.402544092055601,4.776995122961814,3.4709198580659346,1.689799589398352,-0.05275777339795465,6.364001271925154
153,318.996574866555,7.737917396248515,6.5582792774582765,4.952723643066375,3.062096982952134,1.210252455271645,1.488342120858609,6.364187671600944
154,319.02799381414354,7.737389357411263,6.727899487745914,5.106934600169161,2.6628458267138586,0.741030259270375,0.05791608818932925,6.363868553396682
155,319.0594127617321,7.736805929461974,6.910839886646809,5.240499349723332,2.2974743724452975,0.3085515655113946,-0.039833233522540666,6.363062734518627
156,319.09083170932064,7.7361629953150315,7.106592189097421,5.354201494249161,1.9311657519228302,-0.1264396376038211,0.7678679277025711,6.361786451497896
157,319.1222506569092,7.735456595155131,7.314723591298535,5.448707592529819,1.5800785721105197,-0.5465396379687621,0.02499714267452394,6.360052732911451
158,319.1536696044978,7.734682947843157,7.534571906049198,5.525039022548571,1.25649601586659,-0.9386197710346164,-0.026303487800135472,6.357881912813456
159,319.1850885520863,7.733838493958001,7.765333753398127,5.584435495369205,0.9542896655033546,-1.309973849939594,0.08726816032666962,6.35529863098446
160,319.2165074996749,7.732919921030371,8.006233274979756,5.628093940331107,0.6717151063933167,-1.6629903799281933,-0.0055755247810924035,6.352326067312144
161,319.2479264472634,7.731924214719586,8.256177825397424,5.657701422717337,0.43199861813038626,-1.972262580849934,-0.6416754588985938,6.348997829201547
162,319.279345394852,7.730848840408609,8.513130071176045,5.676406997081544,0.2723756535192072,-2.1967264061141236,-1.7057020357205208,6.345379618315859
163,319.3107643424405,7.729692062344464,8.77388792609284,5.689162345480762,0.22060409571586853,-2.305706234370365,-2.932522987261846,6.341576915267461
164,319.3421832900291,7.7284532625988245,9.034495774736989,5.702085357797747,0.2847764385311996,-2.2901998372014525,-4.147966775457164,6.33772100055938
165,319.3736022376176,7.727133105258164,9.290899142981912,5.721446931692884,0.4587819472009678,-2.1568024905227374,-5.28680607559239,6.3339466328706475
166,319.4050211852062,7.725733506905016,9.53939505678722,5.752974000355589,0.7312243362111355,-1.9178139149517448,-6.321793903890034,6.330376756126953
167,319.4364401327947,7.724257487346558,9.776777918038832,5.801623818457572,1.089353730609461,-1.5868942135302686,-7.218251907233376,6.327117658155542
168,319.4678590803833,7.722708990511781,10.000351541412869,5.871565387351099,1.5184181250068884,-1.1798101212481849,-7.931869366673276,6.324258702894609
169,319.4992780279718,7.721092710112511,10.207974360780213,5.966109531706595,2.000316892366589,-0.7159569117515088,-8.422669866376127,6.321870892159765
170,319.5306969755604,7.719413904780538,10.398165846399714,6.0875442273761955,2.513742099921497,-0.21823020929179698,-8.664417349710213,6.320003293193054
171,319.56211592314895,7.717678181440938,10.570212763562992,6.236970164217178,3.0355650795544857,0.28848132376816477,-8.646233487699547,6.318679439907243
172,319.59353487073747,7.715891247770484,10.724220471821651,6.414221360137531,3.542450509053508,0.779053092040991,-8.370928583782215,6.3178955879502166
173,319.62495381832605,7.714058653495694,10.86109948548702,6.61788596078949,4.012149554581275,1.2295251173877837,-7.853467031981265,6.317621156956099
174,319.65637276591457,7.712185542875996,10.982504547017902,6.845400523489692,4.424486706908871,1.6181650226620719,-7.1200692304628,6.317800767263543
175,319.68779171350315,7.710276433409251,11.090742868109814,7.0931920089126095,4.762210490046337,1.926384246759603,-6.207209165237604,6.31835730207166
176,319.71921066109167,7.708335029019066,11.188658006676599,7.356857471201542,5.01176696598953,2.1395739684291812,-5.159995438214482,6.3191957781469
177,319.75062960868024,7.706364073619798,11.279490966367693,7.631378992896271,5.163939998156784,2.2477992696224134,-4.029944822632515,6.320207976939141
178,319.78204855626876,7.704365250886568,11.366722109145291,7.911368309795933,5.214282276816522,2.246267832274195,-2.872389663804547,6.321277719671492
179,319.81346750385734,7.702339135293746,11.453901284089982,8.191329670109743,5.163298013216193,2.1355302625070225,-1.743741007034779,6.322286539489045
180,319.84488645144586,7.700285197128804,11.544475495004797,8.465926501721508,5.01637493593498,1.9214095621698655,-0.6987538587685513,6.323119438223035
181,319.87630539903444,7.698201861036637,11.641623207996044,8.730237804144533,4.783480264841488,1.6146757625272516,0.21209441779376415,6.323670423006256
182,319.90772434662296,7.6960866975216025,11.74755397289646,8.980842106582616,4.511529795708801,1.267056242557752,0.01899279006277351,6.323866460428311
183,319.93914329421153,7.69393676922274,11.86315161113367,9.216369685753538,4.234144514768293,0.9154677034259059,-0.005605476157047488,6.323679663694542
184,319.9705622418001,7.69174896052549,11.988613030281218,9.43651382266746,3.9476606471907245,0.5553912957258865,0.318187756251917,6.323105286663776
185,320.00198118938863,7.689520153409468,12.123938283256532,9.641272309981744,3.6603371799828386,0.19556024078508727,0.013016843646476515,6.322144866788397
186,320.0334001369772,7.687247268004626,12.269070256503854,9.830731252269944,3.3766114069548023,-0.15953177422215464,-0.009522898766400207,6.320801430000489
187,320.0648190845657,7.6849272472440635,12.423956951584131,10.00496867261447,3.094218803179661,-0.5128344729128358,0.04105092121312841,6.319077355661284
188,320.0962380321543,7.682557043577373,12.588540931202543,10.164070848543737,2.8141291210648403,-0.8637025016936967,-0.002984692514639111,6.31697474176765
189,320.1276569797428,7.680133659391305,12.76250087043123,10.30853232670054,2.5512685747841406,-1.1959696911264808,-0.36688732527203255,6.314504299803368
190,320.1590759273314,7.677654287382606,12.944864837824337,10.439854471941395,2.3302568539769926,-1.482656142408929,-1.0376646584200713,6.311698680790304
191,320.1904948749199,7.675116541918174,13.133833173038516,10.56081962386485,2.172988101729362,-1.699729953658506,-1.8892214940385796,6.3086186266096655
192,320.2219138225085,7.672518702716959,13.32694993390415,10.675225768765607,2.091519447305044,-1.833978660694394,-2.818949851530961,6.305347170626309
193,320.253332770097,7.669859882171875,13.521450197296613,10.78734904595068,2.08929534769355,-1.8816338857681263,-3.7751459166722254,6.301977818614267
194,320.2847517176856,7.667140084052738,13.71454438118515,10.901503736102619,2.165258248762319,-1.843802758167844,-4.727424528516,6.2986049081061335
195,320.3161706652741,7.664360182347773,13.903558273036056,11.021825580935001,2.316048005956893,-1.724030619231519,-5.642234668831538,6.295318928723972
196,320.3475896128627,7.661521864312482,14.085996943063941,11.152172907376496,2.5358351780925164,-1.5284959136269958,-6.479656348763559,6.2922044509158574
197,320.37900856045127,7.658627557965827,14.259618460244056,11.296012575571257,2.8155813635657108,-1.2668441466839244,-7.20048884190628,6.289337705184037
198,320.4104275080398,7.655680338380539,14.422539496627953,11.45625656719214,3.1430028785296806,-0.9522441513448708,-7.772366599878545,6.286783049985033
199,320.44184645562837,7.652683801848006,14.573344128256595,11.635093620478772,3.5032836358873913,-0.6006165365368467,-8.171992986689379,6.284589311265341
200,320.4732654032169,7.651349126074406,3.390899651485344,11.822394527903356,3.436341690193609,-0.6280205999201547,-8.483359353994926,6.282581095048626
201,320.50468435080546,7.652312886911,-1.5837406024658458,11.992783831379334,2.7788159187599377,-1.1810618689315542,-8.92135318919699,6.280307622445579
202,320.536103298394,7.65429030845084,-0.05325583898736399,12.122471000082145,1.8901705582112036,-1.9325709228177703,-9.686052523183138,6.277348695231838
203,320.56752224598256,7.65610237884839,0.6241079579825902,12.204406967084791,1.1120956721820228,-2.5692889886115275,-10.831610929150944,6.27359052338752
204,320.5989411935711,7.6576060658130825,-0.006031467385524705,12.246045813306646,0.5124661210313428,-3.024441594978829,-12.284903465278509,6.269186773731948
205,320.63036014115966,7.659054541923323,-0.14449036471559557,12.258511615277678,0.04650694484519163,-3.3341791602122006,-13.93871092752341,6.264362796142335
206,320.6617790887482,7.660561564974278,0.0622266220137834,12.250323455233778,-0.30313934782243723,-3.511766311185476,-15.70638635778629,6.259300703114073
207,320.69319803633675,7.662110142111571,0.08882657261205454,12.227695113637294,-0.5264421551441978,-3.5471859497837044,-17.5201991603626,6.254142812941986
208,320.72461698392533,7.663668845373996,0.029366348738986837,12.196734608757605,-0.6148869569580664,-3.4328067643704765,-19.31315447406333,6.249029849831029
209,320.75603593151385,7.665222429938008,0.02837882123859527,12.164313380639609,-0.5694576010883757,-3.170541762285625,-21.012037359316338,6.244115570913829
210,320.7874548791024,7.6667684836741525,0.045230149551745175,12.13752092876264,-0.4003137219319868,-2.7716682995101127,-22.542573695583137,6.239555930226716
211,320.81887382669095,7.668311902940667,0.042457157012333255,12.122774447733713,-0.12537445488553334,-2.255569817829163,-23.837608859049592,6.235491897881093
212,320.8502927742795,7.669857208029137,0.03576724097418876,12.125259424637063,0.23248372769130424,-1.6470722893096696,-24.842453415142693,6.232038232360368
213,320.88171172186804,7.6714048818788765,0.034648308702281354,12.148741801824459,0.6476483086674863,-0.9742084202789452,-25.516956885285467,6.229279129879969
214,320.9131306694566,7.6729535662051145,0.033791953802670374,12.195528621463541,1.0925498421527347,-0.26725862986181026,-25.83617056572503,6.227266839642654
215,320.94454961704514,7.674502569681098,0.03116524380717079,12.266428714031377,1.5383171924915167,0.44208912643324183,-25.790866908880766,6.226020580539689
216,320.9759685646337,7.676051995296317,0.028705964485297032,12.360713368056715,1.956037137001374,1.1221194977789026,-25.387928283734187,6.225525731841103
217,321.00738751222224,7.677602019721081,0.02700641318040642,12.476133086767812,2.318236221391236,1.7426704055959212,-24.650131758975323,6.225734292338153
218,321.0388064598108,7.6791526205730465,0.02562782570795149,12.609020137602451,2.6002028100175725,2.2765628830764477,-23.615076983953944,6.226567139216863
219,321.07022540739933,7.680703644591382,0.024601725382957976,12.754469645638844,2.7811004127074406,2.7008213519567326,-22.333323743386906,6.227917946498859
220,321.1016443549879,7.682254892000843,0.02418310336903011,12.906578847203685,2.8448875927519324,2.9976845395575524,-20.86592668760103,6.22965836879044
221,321.1330633025765,7.683806155074519,0.024433818784673385,13.058727324775646,2.7810150696559788,3.155371655754363,-19.28153501197671,6.231644137624448
222,321.164482250165,7.685357230675558,0.025331172065773677,13.20388558812443,2.5848690652748294,3.1685708714503504,-17.653190280753492,6.233721790444225
223,321.1959011977536,7.686907918381055,0.02687557557141544,13.334939862191746,2.2579437943763008,3.038631849722668,-16.05495303978431,6.235735757721097
224,321.2273201453421,7.688458019798093,0.029047972072319128,13.445019186935461,1.8077340867716079,2.773453094285365,-14.558504403018818,6.237535501108108
225,321.2587390929307,7.690007347205096,0.03178428093013791,13.5278097069247,1.2473520039169173,2.3870685402095075,-13.229879182157621,6.238982373774595
226,321.2901580405192,7.691555735684202,0.03499355478280559,13.577841393365578,0.5948876384104285,1.8989549212811645,-12.126482995172953,6.2399558828154555
227,321.3215769881078,7.693103052164837,0.038568551495243304,13.590734050571879,-0.12745317900941078,1.3330951026048177,-11.29452978950387,6.240359067305339
228,321.3529959356963,7.694649200917439,0.04238581323577949,13.563391676588992,-0.8943927155839472,0.7168425277676519,-10.767013778087636,6.240122752758703
229,321.3844148832849,7.696194127137042,0.04631010463364168,13.494136761397488,-1.6787577254583623,0.07964018544981055,-10.56230382208852,6.239208497342018
230,321.4158338308734,7.697737819065535,0.05020223241523991,13.38277887638461,-2.4527335518669378,-0.5483461415908144,-10.683419444034598,6.2376101058177715
231,321.447252778462,7.699280308340337,0.05392565268666136,13.230614918460514,-3.1891378408027884,-1.1376170216412762,-11.118016334834708,6.235353653008233
232,321.4786717260505,7.700821668377571,0.05735220312100033,13.040361515766136,-3.8626553199880957,-1.6606870570823957,-11.839076571756602,6.232496027146771
233,321.51009067363907,7.702362010825375,0.06036786184157017,12.816023216937626,-4.450977340733246,-2.0933296437107094,-12.80626642555095,6.229122071403922
234,321.54150962122765,7.703901480263127,0.06287797153293656,12.56270300953818,-4.9357946851808725,-2.4156625395898415,-13.967894250814485,6.225340465674476
235,321.57292856881617,7.70544024742905,0.06481138729855936,12.286364307130501,-5.303599283321065,-2.613025726644009,-15.2633739566234,6.221278547383106
236,321.60434751640474,7.706978501321049,0.06612348305285233,11.993555695346616,-5.546259600061057,-2.6766129594276826,-16.626077133510293,6.217076317113897
237,321.63576646399326,7.708516440542252,0.06679796490111287,11.691111343846547,-5.661345102823588,-2.603829989212972,-17.986440029017004,6.212879910277147
238,321.66718541158184,7.710054264284738,0.06684737639855848,11.38584100448031,-5.652186913008414,-2.398365190826022,-19.27518093699437,6.208834838285987
239,321.69860435917036,7.711592163363816,0.06631226452900507,11.084223883961894,-5.527673939745956,-2.069971615554953,-20.426479637597716,6.205079310900256
240,321.73002330675894,7.71313031171457,0.06525906899788039,10.792120389416437,-5.3017959265626695,-1.6339727304799851,-21.380973428846293,6.201737945228462
241,321.76144225434746,7.714668858738156,0.06377684560528898,10.51451481553901,-4.992956353884461,-1.1105166752014553,-22.088433841767884,6.198916146752299
242,321.79286120193603,7.716207922842207,0.06197297870843187,10.255300520575686,-4.623088510112471,-0.5236152002466622,-22.510003838586798,6.196695414686029
243,321.82428014952455,7.717747586461707,0.05996808658834672,10.017117099441528,-4.21661680511197,0.09998696229149517,-22.619896387577537,6.1951297796243185
244,321.85569909711313,7.719287892776611,0.05789036098298739,9.801246603596494,-3.7993121633421167,0.7320591318415673,-22.40648077938343,6.1942435278898875
245,321.88711804470165,7.720828844263099,0.05586960481912346,9.60757309480116,-3.3970948052215553,1.344190034120373,-21.872711695845283,6.194030306793104
246,321.9185369922902,7.72237040313029,0.05403124346436246,9.434606882575755,-3.0348397177677846,1.9090911787866311,-21.03588652570478,6.1944536409710445
247,321.9499559398788,7.723912493607402,0.052490584283123996,9.27957181910935,-2.7352395572075494,2.401838526090116,-19.92674733013143,6.195448825049564
248,321.9813748874673,7.725455005961811,0.051347585830794365,9.138551147250567,-2.517776662764518,2.8009960074279707,-18.587973774580927,6.196926095051879
249,322.0127938350559,7.72699780204996,0.050682372471662795,9.00668474823037,-2.3978504523320723,3.0895703246973114,-17.072140898514014,6.198774923124358
250,322.0442127826444,7.728540722134421,0.05055169416444012,8.878408335555106,-2.3860989836238278,3.255754585698143,-15.4392395463419,6.200869229877664
251,322.075631730233,7.730083592644396,0.05098648629789014,8.74772329276777,-2.4879442582404603,3.2934283469102716,-13.75387656195577,6.203073268194201
252,322.1070506778215,7.731626234516287,0.05199063281191612,8.608484536705749,-2.7033803564504097,3.202393056873916,-12.082285608312592,6.2052479035076615
253,322.1384696254101,7.733168471727192,0.05354097985417258,8.454693060625948,-3.0270122083184248,2.9883341884665224,-10.489287125457347,6.207256999548716
254,322.1698885729986,7.734710139628395,0.05558858952365163,8.280779701831335,-3.448341255563535,2.6625139460865164,-9.035337182319124,6.208973616005286
255,322.2013075205872,7.736251092698174,0.05806116648907257,8.08186718639013,-3.952282969839126,2.2412107542398534,-7.77379980310844,6.210285735477417
256,322.2327264681757,7.737791211362849,0.06086653703011827,7.853998601045641,-4.5198906824365865,1.7449332146586278,-6.748566045846619,6.211101260908267
257,322.2641454157643,7.739330407580442,0.06389701275006401,7.594322074522091,-5.129250923435351,1.1974463401700082,-5.992126244851132,6.211352060151856
258,322.2955643633528,7.740868628940538,0.06703443197211689,7.301223538114897,-5.75650787955607,0.6246561817982079,-5.52418021779867,6.210996879776567
259,322.3269833109414,7.742405861103743,0.07015564239291695,6.9744018794256135,-6.376968994184838,0.05340509441132302,-5.350844909323641,6.210023003439863
260,322.35840225852996,7.743942128481781,0.07313817019734226,6.614883488522284,-6.966240390535702,-0.48976642819809724,-5.46449108734842,6.208446588702147
261,322.3898212061185,7.745477493140607,0.07586581429439644,6.224975997670569,-7.501339835288933,-0.9798343253224214,-5.84421162233188,6.206311677251518
262,322.42124015370706,7.7470120519905405,0.07823390982158343,5.808163804729888,-7.961736400747563,-1.3944264550551244,-6.456894906410769,6.203687934364806
263,322.4526591012956,7.748545932405459,0.0801540222384752,5.368950618591988,-8.33026974363767,-1.7148275623324332,-7.258849436305343,6.200667231246077
264,322.48407804888416,7.75007928648395,0.08155786130997435,4.91265665235974,-8.593907807524486,-1.9268086857027806,-8.197900741719522,6.197359236035264
265,322.5154969964727,7.751612284225916,0.0824002416984364,4.4451801089343554,-8.744309486724733,-2.0212443616676175,-9.2158608074411,6.1938862234205505
266,322.54691594406125,7.753145105945722,0.08266096195174794,3.9727341646425245,-8.778167993673751,-1.9944910015020643,-10.251253846706794,6.190377346957952
267,322.5783348916498,7.754677934275382,0.08234552426546125,3.501571691535829,-8.697320915431053,-1.8485109733009941,-11.242171445134625,6.186962640912455
268,322.60975383923835,7.756210946127348,0.0814846711485178,3.0377104247234166,-8.50862375060635,-1.5907387011238012,-12.129125162606364,6.183767028735833
269,322.64117278682687,7.757744304985378,0.08013276954500576,2.5866711606830477,-8.223594585687342,-1.2336969486603526,-12.857765834538748,6.180904612812444
270,322.67259173441545,7.759278153874033,0.07836512555864028,2.1532408760658237,-7.857848000862015,-0.7943828427247752,-13.38134595323925,6.178473505050328
271,322.70401068200397,7.760812609323463,0.07627436129557039,1.7412714205229651,-7.430345815200001,-0.29345359373466795,-13.662814260142701,6.1765514310596314
272,322.73542962959255,7.7623477565980625,0.07396602730059819,1.3535227224433024,-6.962500460249961,0.24574918293782028,-13.676449412042373,6.175192303366827
273,322.7668485771811,7.7638836463974865,0.07155365773884229,0.9915573355657132,-6.47717324531489,0.7982905479428422,-13.408961446884842,6.174423913153043
274,322.79826752476964,7.765420293169393,0.069153499390605,0.6556907471082436,-5.99761426350305,1.3387977959326751,-12.86001473258078,6.174246837553399
275,322.8296864723582,7.766957675098309,0.06687915866214295,0.3449992770236318,-5.54639299511827,1.842627009994296,-12.042152967119575,6.174634603066861
276,322.86110541994674,7.768495735757645,0.06483641265185225,0.05738474347326369,-5.144368705404149,2.2869870485285313,-10.98013436244557,6.175535087724272
277,322.8925243675353,7.770034387335764,0.06311842085473102,-0.21030752620323578,-4.80974752306985,2.651969773266635,-9.709712119109442,6.1768730880111455
278,322.92394331512384,7.771573515275558,0.061801553860214284,-0.46212317832118216,-4.557268743445003,2.921440027876076,-8.275920451712206,6.178553923728886
279,322.9553622627124,7.773112984103433,0.06094202541160372,-0.7027937806426592,-4.39755664138116,3.083745671626685,-6.730948617868277,6.180467907394096
280,322.98678121030093,7.77465264417084,0.06057347590076346,-0.9375019559482114,-4.336666206123744,3.1322165338942107,-5.131703641747612,6.182495466507071
281,323.0182001578895,7.776192338991843,0.06070561059037963,-1.1716277124803869,-4.375842096929468,3.065431076507901,-3.537175902232581,6.1845126787564695
282,323.04961910547803,7.777731912835388,0.06132394669179094,-1.4104877576917993,-4.511500191739122,2.887240366593355,-2.005729894870854,6.186396963184321
283,323.0810380530666,7.779271218221948,0.06239067216746809,-1.659079810647913,-4.735430823181185,2.606550169772609,-0.5924449450057439,6.188032665207173
284,323.1124570006551,7.780810122981319,0.0638465681399536,-1.9218436047330087,-5.035212640512082,2.236873055516073,0.6533726218221702,6.1893162803166035
285,323.1438759482437,7.782348550709857,0.06538739854524261,-2.200927746393868,-5.335956107892938,1.8611125600742997,0.033973881103891004,6.190194911538512
286,323.1752948958323,7.7838865126548615,0.06672594038408723,-2.4955021335560628,-5.594231790715372,1.5272551324273937,-0.012705041279750941,6.190681543702665
287,323.2067138434208,7.785424064360411,0.06792306814312757,-2.8037567470388396,-5.834643685092413,1.2077350480962372,0.7132185465166535,6.190810658740794
288,323.2381327910094,7.7869612596951026,0.06900226811245944,-3.123881136365906,-6.042767447912201,0.918387466299728,0.030999003195717252,6.190616514210662
289,323.2695517385979,7.788498150197728,0.06988577471046171,-3.453988007633705,-6.2097621039638415,0.6688807046503342,-0.016227030515764514,6.190134883812411
290,323.3009706861865,7.7900347826185286,0.07063215112104748,-3.7925652360304127,-6.357414239943221,0.434875567429528,0.4892341863592054,6.189393045176349
291,323.332389633775,7.791571199274142,0.0712482836507997,-4.138172711757149,-6.473614728375554,0.22971824574628608,0.018982649875067065,6.188416542151623
292,323.36380858136357,7.793107449523271,0.07167508821025599,-4.489026783313007,-6.550415057686253,0.062164807042356815,-0.013276062925145354,6.1872384472512785
293,323.3952275289521,7.794643586722008,0.07194049448650172,-4.843341421761586,-6.599655947374513,-0.08098622320064038,0.24229739052866017,6.185891812240445
294,323.42664647654067,7.796179661238095,0.07206089392487655,-5.199415187427156,-6.617449641203741,-0.19543066478737148,0.007757631850826088,6.184407769066963
295,323.4580654241292,7.797715722701464,0.07201476884827367,-5.555513256680865,-6.6010413491645235,-0.2780920368159259,-0.00822699472235634,6.182818185054933
296,323.48948437171777,7.799251821361565,0.07180699476782512,-5.909920410684759,-6.554089939676793,-0.3329904060622969,0.047731390884754095,6.181154518086802
297,323.5209033193063,7.8007880059107535,0.07145184174867811,-6.260989349616036,-6.477460803517107,-0.36101394592986635,-0.0001887897825237354,6.179446774257648
298,323.55232226689486,7.802324326057629,0.07093034893818513,-6.606986494006289,-6.365948787431556,-0.3562748561961116,-0.16298856208771345,6.17772696611237
299,323.58374121448344,7.803860838309913,0.0702094936623031,-6.945923391990329,-6.214040631265705,-0.3125063051187075,-0.3580539588243736,6.176032894242831
300,323.61516016207196,7.805362724685251,0.30057259179613294,-7.275386157663708,-6.01229933185628,-0.22097431164062034,-0.5130012640368893,6.174410977725083
301,323.64657910966054,7.806766513212628,0.739250023615038,-7.592400729595852,-5.749470276775802,-0.07246145161694934,-0.5914910631879503,6.172917555614937
302,323.67799805724906,7.808021968597093,1.2439261466838336,-7.893554608068571,-5.4211546956443,0.1354302099760098,-0.5732009200400671,6.1716155396349155
303,323.70941700483763,7.80911567089125,1.7222836570522337,-8.17545080482628,-5.034262469111598,0.3946384170773856,-0.43701312786342894,6.170565589378445
304,323.74083595242615,7.810059919089783,2.159931147335495,-8.435253749117834,-4.603739341372879,0.6896474745826836,-0.1608939909637332,6.169816037801267
305,323.77225490001473,7.810870517577067,2.5741116992150515,-8.671027990712709,-4.146771287532617,1.0026755492020252,0.27132033812480677,6.1693966401185065
306,323.80367384760325,7.81155579153936,2.976416925919025,-8.881014449380618,-3.649368573979774,1.350194572624378,0.01740136738673969,6.1693347135030105
307,323.8350927951918,7.812118579845041,3.3659776855007544,-9.062963910370131,-3.101794988024249,1.7436865812111333,0.00042575174708680993,6.1696694460190145
308,323.86651174278035,7.812561818966897,3.737255989537527,-9.214285552172981,-2.5076484827147114,2.1798692453617887,0.01404115526476983,6.170448283389941
309,323.8979306903689,7.812891077134692,4.0863623087359455,-9.33257053601233,-1.8754477428212368,2.6501800674912586,0.013085131589669601,6.171715371206956
310,323.92934963795744,7.813113833337432,4.411979358848804,-9.41588668321556,-1.2125583599102603,3.1474758654554074,0.015485559202096254,6.1735052525546585
311,323.960768585546,7.813238009836802,4.713827443529913,-9.46274161759445,-0.524275786989956,3.6669620552753144,0.018364476395201963,6.175843861508433
312,323.9921875331346,7.813271317410022,4.991518696805208,-9.471940536012603,0.18479765306853602,4.2046207634584825,0.0209957700643226,6.178751729603582
313,324.0236064807231,7.8132213668541635,5.2444178730970705,-9.442519190537162,0.9096996684628014,4.756042895128421,0.023748905570884847,6.182245461010979
314,324.0550254283117,7.813095929295789,5.471933818727396,-9.373764006367605,1.6449945853672996,5.316312473403436,0.026555231883704386,6.186337279927203
315,324.0864443759002,7.812903001411622,5.673725434380858,-9.265252870808977,2.385072712559952,5.880338024372041,0.029374206170196638,6.191034141663636
316,324.1178633234888,7.812650702681684,5.849721954419086,-9.116872704146436,3.124380505569748,6.443097218745235,0.032188077321578204,6.196337363560454
317,324.1492822710773,7.812347145778977,6.000067489048531,-8.928813747498612,3.8574836066340374,6.999694304457475,0.034971580307279385,6.202242759363048
318,324.1807012186659,7.812000352016392,6.1250823061763695,-8.701557177885803,4.579059353739161,7.545341934811188,0.03770044552727915,6.208740904695721
319,324.2121201662544,7.811618203010878,6.225256521036573,-8.435865760970817,5.283902364835826,8.075359805883819,0.040351404649088096,6.215817322999669
320,324.243539113843,7.811208398238664,6.301255238249159,-8.132777093813448,5.966958598056106,8.585205441785462,0.04290172430807423,6.223452606447804
321,324.2749580614315,7.810778404570501,6.35391864265007,-7.793595699599508,6.623369855265651,9.07051628027528,0.045329575177129725,6.231622555874167
322,324.3063770090201,7.810335400810883,6.384254707797426,-7.419882050107515,7.24851377066333,9.52714664217519,0.04761422035449873,6.2402983815585635
323,324.3377959566086,7.809886224121442,6.393428566198427,-7.0134388235038685,7.83803653393625,9.95119697303413,0.049736149326453476,6.249446957400541
324,324.3692149041972,7.809437321463837,6.382751564601483,-6.576295342395017,8.38788136207676,10.339038927847799,0.05167720643026078,6.259031107788862
325,324.40063385178576,7.808994705714587,6.353670434739058,-6.110690719314649,8.894315087430726,10.687338935875445,0.053420708921117846,6.269009916243105
326,324.4320527993743,7.808563915409768,6.307755916542224,-5.619055783317427,9.35395307781588,10.993080443383795,0.05495155805881003,6.279339054957081
327,324.46347174696285,7.808149977865389,6.246690403347802,-5.103993757251573,9.76378173767138,11.253584002130168,0.05625633972867291,6.2899711365241275
328,324.4948906945514,7.807757376079641,6.172254659805487,-4.568259760504685,10.121177998406456,11.46652458706206,0.057323411165194064,6.300856086728897
329,324.52630964213995,7.807390019900747,6.086313856850287,-4.014739313271556,10.423925614633665,11.629945983848204,0.05814297302116235,6.31194153509256
330,324.55772858972847,7.807051221736629,5.990803123796633,-3.4464260440886325,10.670228275980163,11.74227228607301,0.05870712699442933,6.32317321936111
331,324.58914753731705,7.8067436769129745,5.887712733788575,-2.866398785840248,10.85871954044301,11.802316524217039,0.059009919115107605,6.3344954005361895
332,324.62056648490557,7.806469448734454,5.779073008646338,-2.27779823000673,10.988469550886544,11.809286392917441,0.059047368525413535,6.34585128540256
333,324.65198543249414,7.806229958304881,5.666939040365428,-1.6838033075278858,11.058988491378223,11.762787034714504,0.05881748154249412,6.35718345353872
334,324.68340438008266,7.80602597915249,5.553375342714006,-1.0876074697645506,11.070226769724025,11.662820868091314,0.05832025094208718,6.368434285685667
335,324.71482332767124,7.805857636672988,5.440440551435711,-0.49239504603085227,11.022571948810903,11.509784483052233,0.05755764057818007,6.379546390284246
336,324.74624227525976,7.805724412360094,5.330172288290288,0.09868214723181304,10.91684247813131,11.304462653996723,0.05653355558641057,6.390463025020209
337,324.77766122284834,7.805625152753185,5.224572299232829,0.6825277747006336,10.754278299032249,11.048019539044448,0.055253798515982555,6.401128510298512
338,324.8090801704369,7.805558082997306,5.125591973235812,1.2561233620398915,10.536528417572045,10.741987152768925,0.05372601182391918,6.411488631667086
339,324.84049911802543,7.80552082487903,5.0351183450194235,1.8165499273079897,10.265635559626002,10.38825121785332,0.05195960725829851,6.4214910283163205
340,324.871918065614,7.8055104191707,4.954960681093504,2.3610087103987847,9.944018043684977,9.98903451995469,0.04996568275102607,6.431085564901276
341,324.90333701320253,7.80552335208515,4.886837743592871,2.886840854726827,9.574449026617913,9.546877907918764,0.04775692753003161,6.440224684075222
342,324.9347559607911,7.8055555856139645,4.8323658205767455,3.391545904214011,9.16003329596927,9.064619097879635,0.045347516242799826,6.448863737285421
343,324.9661749083796,7.805602591495275,4.793047605030244,3.8727989884723484,8.704181799055553,8.545369454676187,0.04275299295769776,6.456961291562299
344,324.9975938559682,7.805659388532343,4.7702619978837095,4.328466579762455,8.210584114254921,7.9924889374977095,0.039990145977035194,6.4644794102282646
345,325.0290128035567,7.805720582961719,4.765254902982846,4.756620716743719,7.683179083422813,7.409559408718633,0.03707687445610585,6.4713839056609075
346,325.0604317511453,7.805780411549681,4.77913107411809,5.155551602144209,7.126123836218525,6.800356515403964,0.03403204787514372,6.477644562465645
347,325.0918506987338,7.805832787078027,4.812847066002693,5.523778494183215,6.54376144719153,6.168820361866032,0.030875359455703272,6.48323532964368
348,325.1232696463224,7.805871345865329,4.867205332544662,5.860058824780445,5.940587474679073,5.519025198864284,0.027627174649112525,6.488134480580726
349,325.1546885939109,7.8058894969575245,4.942849506960545,6.163395491179074,5.3212156368640695,4.855148360525946,0.024308375852161553,6.492324739928325
350,325.1861075414995,7.8058804726122615,5.040260889298115,6.433042281489891,4.690342884707719,4.181438683805119,0.02094020452397408,6.495793376700813
351,325.2175264890881,7.805837379694781,5.1597561578370135,6.668507408725713,4.052714133889759,3.502184647279178,0.0175441018880019,6.498532263165346
352,325.2489454366766,7.805753251599439,5.301486311687866,6.8695551420346,3.413086918357814,2.82168246630302,0.014141549404276123,6.500537899357747
353,325.28036438426517,7.8056211003100895,5.465436842778911,7.036205537952944,2.7761962266168907,2.1442043800147714,0.010753910189499059,6.5018114033116134
354,325.3117833318537,7.805433968214489,5.651429126372067,7.168732288481113,2.146719778506183,1.4739673624354972,0.007402272546388753,6.502358467340175
355,325.34320227944227,7.805184979292804,5.859123010353836,7.2676587165332815,1.529243994953035,0.8151024849679371,0.004107296739081459,6.502189280957893
356,325.3746212270308,7.804867389307776,6.088020574865023,7.333751962729406,0.9282309061165677,0.1716251510248341,0.0008890661186036509,6.501318421270166
357,325.40604017461936,7.804474634634408,6.337471025429149,7.3680154204849675,0.34798623450261007,-0.4525935846325079,-0.0022330563382494304,6.499764711892747
358,325.4374591222079,7.804000402239346,6.60652509778183,7.371914092244972,-0.19829631951975452,-1.043764259124839,-0.2607488278666576,6.497556268194736
359,325.46887806979646,7.803438770257072,6.893599859539075,7.347893409133204,-0.685499275416372,-1.5747775890899336,-0.8849759098204445,6.49474208390049
360,325.500297017385,7.802784447504861,7.196179322459856,7.299842634742407,-1.0844752127367587,-2.0139339992115595,-1.8209390667310066,6.49140242045534
361,325.53171596497356,7.802033073541523,7.51078995652943,7.233132804577993,-1.3717106095030862,-2.3356381396376062,-2.963363913226859,6.487649786152565
362,325.56313491256213,7.80118149354885,7.833252003541048,7.154227813232939,-1.5331729806515995,-2.524640883059884,-4.224038943823771,6.483620472944058
363,325.59455386015065,7.800227938425062,8.159024376588292,7.070150667101704,-1.563023633958733,-2.5745922145617675,-5.535847863207014,6.4794629053997665
364,325.62597280773923,7.799172095221562,8.483488519804997,6.98804421846413,-1.4614197273699647,-2.485596222772672,-6.836078995197742,6.475328102782443
365,325.65739175532775,7.7980150929863585,8.80214718466912,6.914863588730738,-1.2337145433604517,-2.2633295036424994,-8.058548237790825,6.471363066300726
366,325.6888107029163,7.796759431255272,9.110791349792443,6.857117894824752,-0.8906640650682673,-1.9192849947351918,-9.136946855282922,6.467705250662884
367,325.72022965050485,7.795408860183889,9.405675440600413,6.82059912394032,-0.4484683619722906,-1.4708393164061202,-10.01146290197023,6.464476731453084
368,325.7516485980934,7.793968208961471,9.683695695675096,6.8101061301643595,0.07187749608022242,-0.9405603204235031,-10.633464650935416,6.46177823849405
369,325.78306754568194,7.792443161744504,9.942543766177804,6.829206953520447,0.6457520476078877,-0.35494419727407583,-10.967734899809987,6.459684007708581
370,325.8144864932705,7.790839990167541,10.180814342495792,6.880072280130317,1.2462570374537796,0.2570435230943031,-10.99349354532541,6.458238173925107
371,325.84590544085904,7.789165258539266,10.398061182581015,6.963388748358272,1.8455677550020018,0.8654252212135883,-10.704987649155303,6.457452893306762
372,325.8773243884476,7.787425519072575,10.594804530656772,7.0783474741355885,2.4162542211107683,1.4406358562122126,-10.111669120616735,6.457308090604755
373,325.90874333603614,7.785627012601052,10.772493573956801,7.222702149688034,2.9325713977110985,1.9549151185421387,-9.237729826699582,6.4577527064339595
374,325.9401622836247,7.783775388344731,10.933426229363006,7.392893169145209,3.371679657534122,2.383625859795981,-8.120883543278767,6.4587073686246175
375,325.9715812312133,7.78187545525487,11.080629110297034,7.584233370797135,3.7147287847967143,2.70642635784369,-6.810451100166466,6.460068394389872
376,326.0030001788018,7.779930976484289,11.217702895961882,7.791147315526658,3.947741228682985,2.9082265002661485,-5.364883634789921,6.461712950181914
377,326.0344191263904,7.7779445167725,11.348640817351816,8.007452164024974,4.062248913479662,2.9798783045535555,-3.8488708951116064,6.463505111888997
378,326.0658380739789,7.775917349903862,11.477629552497719,8.22666577344036,4.055656587642355,2.9185715354257002,-2.330178973830198,6.465302514909613
379,326.0972570215675,7.773849430272231,11.608842478112829,8.442326621115448,3.9313188863833104,2.7279204902269862,-0.8763661046530381,6.466963261816552
380,326.128675969156,7.771739429354018,11.746235316762414,8.648310020873948,3.698330441436732,2.4177410737754252,0.44846794988531513,6.468352752340144
381,326.1600949167446,7.769584973860904,11.89243155773215,8.840553147533111,3.426264114969011,2.064932718297685,0.03189056802093754,6.469381853387115
382,326.1915138643331,7.767383129388501,12.048152136358553,9.017937705135857,3.1623227936169567,1.7215075784016238,-0.008800941039944634,6.470026418257121
383,326.2229328119217,7.765130848484775,12.213305220676212,9.180603192377431,2.8902825129247214,1.369007865394364,0.6663430774798975,6.47028977663159
384,326.2543517595102,7.762825189524591,12.387602900976674,9.328992422949938,2.626771493286473,1.025498064037933,0.03008316427934285,6.470181538733527
385,326.2857707070988,7.760463363952438,12.570619107944129,9.463761891954292,2.3808930790819023,0.7007067631607741,-0.014707517280364606,6.46971563219773
386,326.3171896546873,7.7580426892168415,12.762129894459589,9.58525511397773,2.133199049177387,0.3726484687546281,0.4476845310920921,6.468898619823148
387,326.3486086022759,7.7555605423312155,12.961943390136652,9.693765815367424,1.8957916839393913,0.05440136776702398,0.01659206500707188,6.46773555884126
388,326.38002754986445,7.753014383274808,13.169629135597024,9.789956859714335,1.677434297067121,-0.24464864940068476,-0.013658263327471184,6.466239320749608
389,326.41144649745297,7.750401813718672,13.38463269717189,9.874682858292283,1.472858830338616,-0.5306830038487949,0.10753948574784955,6.464426667487391
390,326.44286544504155,7.747720613434052,13.606398833229619,9.948799547863883,1.2829411701830007,-0.803031347613502,-0.00029115891901857946,6.462314041012602
391,326.47428439263007,7.744968781951516,13.834134302469277,10.013530914660624,1.1240291177413286,-1.0437953090163221,-0.42307736552386277,6.4599257553080776
392,326.50570334021864,7.742144653882081,14.066456514988264,10.07101300909368,1.0174303592084644,-1.2295033924959147,-1.0440660093234975,6.457306131067505
393,326.53712228780716,7.73924708580423,14.301332492213612,10.124388443057974,0.9770244615470398,-1.3448474457045037,-1.7394992307581427,6.45452167141398
394,326.56854123539574,7.7362756313201855,14.536344080559722,10.177395938351166,1.0066856343450363,-1.3855281317625563,-2.44816437284791,6.451652043165606
395,326.59996018298426,7.733230626904996,14.76901914732557,10.233857758892915,1.1044444223069332,-1.3536269814047586,-3.146223558593599,6.4487788050057695
396,326.63137913057284,7.730113181172349,14.99702554939238,10.297379538736791,1.2662663944754162,-1.2534142323757669,-3.811910749699272,6.445978857052539
397,326.66279807816136,7.7269251111243,15.218231656240599,10.371256648342026,1.486772685824616,-1.0905587670498451,-4.414831927777085,6.443322471090967
398,326.69421702574994,7.723668864406781,15.430737766450687,10.458425606057453,1.7583785523723976,-0.8730970629766688,-4.92204112093186,6.440872308628027
399,326.7256359733385,7.722161624826745,3.603368006070973,10.549172690633497,1.5992895865390464,-1.0354066991651965,-5.409901325824075,6.438462342416502
